Period,Samples,Mean Error,Std Error
Train <= 2005,16668,0.2002135,0.1116675
Gap 2006-2010,13692,0.16154465,0.082766026
Test > 2010,19640,0.20647268,0.24093218
