Period,Samples,Mean JSD,Std JSD
Train <= 2005,16668,0.024219016,0.013383311
Gap 2006-2010,13692,0.019684797,0.009693435
Test > 2010,19640,0.02467824,0.021220116
