Period,Samples,Mean JSD,Std JSD
Train <= 2005,16668,0.039461367,0.0136376
Gap 2006-2010,13692,0.052434407,0.0199133
Test > 2010,19640,0.051012427,0.022321649
