Period,Samples,Mean Error,Std Error
Train <= 2005,16668,0.33078513,0.115283996
Gap 2006-2010,13692,0.44602704,0.17346264
Test > 2010,19640,0.43377513,0.18703876
