Period,Samples,Mean Error,Std Error
Train <= 2005,16668,0.32415232,0.112381
Gap 2006-2010,13692,0.32858935,0.09164197
Test > 2010,19640,0.35247272,0.12988888
