Period,Samples,Mean JSD,Std JSD
Train <= 2005,16668,0.041180685,0.017366149
Gap 2006-2010,13692,0.0408987,0.012454311
Test > 2010,19640,0.044555523,0.019254299
